<?xml version="1.0" encoding="utf-8"?>
<Buildings>


	<!--============================== Lights ==============================-->

	<ThingDef Abstract="True" Name="LampBase" ParentName="BuildingBase">
    <thingClass>Building</thingClass>
    <category>Building</category>
    <minifiedDef>MinifiedFurniture</minifiedDef>
    <altitudeLayer>Building</altitudeLayer>
    <passability>PassThroughOnly</passability>
    <selectable>true</selectable>
    <fillPercent>0.20</fillPercent>
    <pathCost>8</pathCost>
    <leaveResourcesWhenKilled>false</leaveResourcesWhenKilled>
    <soundImpactDefault>BulletImpactMetal</soundImpactDefault>
    <rotatable>true</rotatable>
    <graphicData>
      <graphicClass>Graphic_Single</graphicClass>
      <shadowData>
        <volume>(0.3, 0.6, 0.3)</volume>
        <offset>(0,0,-0.1)</offset>
      </shadowData>
      <damageData>
        <rect>(0.2,0.2,0.6,0.6)</rect>
      </damageData>
    </graphicData>
    <comps>
      <li Class="CompProperties_Flickable"/>
    </comps>
    <statBases>
      <MaxHitPoints>25</MaxHitPoints>
      <WorkToMake>250</WorkToMake>
      <Flammability>1.0</Flammability>
    </statBases>
    <researchPrerequisites>
      <li>LEDTechnologyScience</li>
    </researchPrerequisites>
  </ThingDef>

  <ThingDef ParentName="LampBase">
    <defName>LEDSmallStrip</defName>
    <label>Centre Strip</label>
    <description>A small and power efficient centred LED strip.</description>
    <thingClass>ppumkin.LEDTechnology.LEDSmallStrip</thingClass>
    <designationHotKey>Misc11</designationHotKey>
    <graphicData>
      <texPath>Things/Building/LEDBlock_SmallV2</texPath>
    </graphicData>
    <costList>
      <Steel>3</Steel>
	  <Component>1</Component>
    </costList>
    <comps>
      <li Class="CompProperties_Power">
        <compClass>CompPowerTrader</compClass>
        <basePowerConsumption>8</basePowerConsumption>
        <shortCircuitInRain>true</shortCircuitInRain>
      </li>
	   <li Class="CompProperties_Glower">
        <glowRadius>5</glowRadius>
        <glowColor>214,221,84,0)</glowColor>
      </li>
    </comps>
	<designationCategory>LEDTechnology</designationCategory>
  </ThingDef>
 
  <ThingDef ParentName="LampBase">
    <defName>LEDCornerStrip</defName>
    <label>Corner Strip</label>
    <description>A small and power efficient LED strip that fits snug against walls.</description>
	<thingClass>ppumkin.LEDTechnology.LEDCornerStrip</thingClass>
    <designationHotKey>Misc11</designationHotKey>
    <graphicData>
      <texPath>Things/Building/LEDBlock_Small_CornerV2</texPath>
    </graphicData>
    <costList>
      <Steel>3</Steel>
	  <Silver>1</Silver>
    </costList>
    <comps>
      <li Class="CompProperties_Power">
        <compClass>CompPowerTrader</compClass>
        <basePowerConsumption>8</basePowerConsumption>
        <shortCircuitInRain>true</shortCircuitInRain>
      </li>
	   <li Class="CompProperties_Glower">
        <glowRadius>5</glowRadius>
        <glowColor>214,221,84,0)</glowColor>
      </li>
    </comps>
	<designationCategory>LEDTechnology</designationCategory>
  </ThingDef> 
  
  
  <ThingDef ParentName="LampBase">
    <defName>LEDSecurityLamp</defName>
    <label>High Power LED</label>
    <description>A high power array of LED's used to illuminate a large area.</description>
    <thingClass>ppumkin.LEDTechnology.LEDSecurityLamp</thingClass>
    <designationHotKey>Misc11</designationHotKey>
    <graphicData>
      <texPath>Things/Building/LED_SpotlightV2</texPath>
    </graphicData>
    <costList>
      <Steel>15</Steel>
	  <Silver>15</Silver>
    </costList>
    <comps>
      <li Class="CompProperties_Power">
        <compClass>CompPowerTrader</compClass>
        <basePowerConsumption>50</basePowerConsumption>
        <shortCircuitInRain>false</shortCircuitInRain>
      </li>
	  <li Class="CompProperties_Glower">
        <overlightRadius>0.0</overlightRadius>
        <glowRadius>30</glowRadius>
        <glowColor>214,221,84,0</glowColor>
      </li>
    </comps>
	<designationCategory>LEDTechnology</designationCategory>
  </ThingDef>
  
  
    <ThingDef ParentName="LampBase">
    <defName>LEDSpotLight</defName>
    <label>Spot Light</label>
    <description>High power LED spotlight focused to roughly 45 degrees of intensive light.</description>
    <thingClass>ppumkin.LEDTechnology.LEDSpotLight</thingClass>
    <designationHotKey>Misc11</designationHotKey>
    <graphicData>
      <texPath>Things/Building/LED_Spotlight</texPath>
    </graphicData>
    <costList>
      <Steel>12</Steel>
	  <Silver>8</Silver>
    </costList>
    <comps>
      <li Class="CompProperties_Power">
        <compClass>CompPowerTrader</compClass>
        <basePowerConsumption>30</basePowerConsumption>
        <shortCircuitInRain>false</shortCircuitInRain>
      </li>
    </comps>
	<designationCategory>LEDTechnology</designationCategory>
  </ThingDef>
  
  <!--============================== Hydroponics ==============================-->
  
  
    <ThingDef ParentName="BuildingBase">
    <defName>LEDHydroponicsBasin</defName>
    <label>UV Hydroponics</label>
    <description>Grows plants quickly in an artificial nutrient bath and lit using UV LED lights. Requires power to work; plants will die if power is cut.</description>
	<thingClass>ppumkin.LEDTechnology.LEDHydroponicsBasin</thingClass>
    <graphicData>
      <texPath>Things/Building/Production/LEDHyrdoV3</texPath>
      <graphicClass>Graphic_Single</graphicClass>
      <drawSize>(1,4)</drawSize>
      <damageData>
        <cornerTL>Damage/Corner</cornerTL>
        <cornerTR>Damage/Corner</cornerTR>
        <cornerBL>Damage/Corner</cornerBL>
        <cornerBR>Damage/Corner</cornerBR>
      </damageData>
    </graphicData>
    <altitudeLayer>FloorEmplacement</altitudeLayer>
    <passability>PassThroughOnly</passability>
    <pathCost>60</pathCost>
    <castEdgeShadows>true</castEdgeShadows>
    <constructEffect>ConstructMetal</constructEffect>
    <fillPercent>0.30</fillPercent>
    <statBases>
      <WorkToMake>3100</WorkToMake>
      <MaxHitPoints>180</MaxHitPoints>
      <Flammability>1.0</Flammability>
      <Cleanliness>-3</Cleanliness>
    </statBases>
    <size>(1,4)</size>
    <costList>
      <Steel>65</Steel>
	  <Silver>8</Silver>
	  <Component>1</Component>
    </costList>
    <fertility>2.0</fertility>
    <building>
      <defaultPlantToGrow>PlantPotato</defaultPlantToGrow>
      <plantsDestroyWithMe>true</plantsDestroyWithMe>
      <sowTag>Hydroponic</sowTag>
    </building>
    <tickerType>Rare</tickerType>
    <comps>
      <li Class="CompProperties_Forbiddable"/>
      <li Class="CompProperties_Power">
        <compClass>CompPowerTrader</compClass>
        <basePowerConsumption>100</basePowerConsumption>
      </li>
      <li Class="CompProperties_Flickable"/>
      <li Class="CompProperties_Breakdownable"/>
    </comps>
    <researchPrerequisites>
		<li>Hydroponics</li>
		<li>LEDTechnologyScience</li>
	</researchPrerequisites>
    <terrainAffordanceNeeded>Heavy</terrainAffordanceNeeded>
    <designationCategory>LEDTechnology</designationCategory>
  </ThingDef>
  
  
  
</Buildings>