<?xml version="1.0" encoding="utf-8"?>
<ModMetaData>
  <name>LED Technology [V1.0]</name>
  <author>Piotr Kula</author>
  <url>https://github.com/ppumkin/RimworldLEDTechnology</url>
  <targetVersion>1.0.2059</targetVersion>
  <description>
A pack consisting of LED Technology.  [Version 0.16]
     
 * LED Centre Strips (8W) (Drag'n'Place)
 * LED Corner Strips (8W)
 
 * LED 45 Degree Spot Light (25W)
 * LED Security Light (50W) 
 * LED UV Hydroponics (100W) 


 
 
 
Licensing
 This mod and any code is part of Creative Commons.

Textures
 Custom textures created specifically for this mod package
 may not be reused anywhere without my permission.

Credits
 ~ Rawcode from Ludeon Forum
 ~ CCL for 64bit IL Patch
 ~ Master Bucketsmith from Ludeon Forum
  </description>
</ModMetaData>